id;title;url;category;currencyId;param;image;oldprice;price
1005008832556199;QS18VN6D Photoelectric Sensor;https://rzekl.com/g/1e8d11449465c1f0056216525dc3e8/?ulp=https%3A%2F%2Fs.click.aliexpress.com%2Fdeep_link.htm%3Faff_short_key%3D_c3s1yQkJ%26dl_target_url%3Dhttps%253A%252F%252Fwww.aliexpress.com%252Fitem%252F1005008832556199.html%253Fpdp_npi%253D6%252540dis%252521USD%25252117.00%25252117.00%252521%252521%25252117.00%25252117.00%252521%252540212a7b8d17870076247915234e0fc6%25252112000046870629551%252521affd%252521%252521%252521%2525211%2525210%252521%26hot_product%3D0&i=5&f_id=50002;Electrical Equipment & Supplies;USD;"discount|0%|;commissionRate|5.38%|;shopId|5493205|;";https://ae-pic-a1.aliexpress-media.com/kf/S1f343da3a9734acf8dd0c508605be168I.jpg;;17.00
1005010108528136;12V traffic light board, traffic signal light source board, solar powered mobile traffic light panel, 300mm;https://rzekl.com/g/1e8d11449465c1f0056216525dc3e8/?ulp=https%3A%2F%2Fs.click.aliexpress.com%2Fdeep_link.htm%3Faff_short_key%3D_c3s1yQkJ%26dl_target_url%3Dhttps%253A%252F%252Fwww.aliexpress.com%252Fitem%252F1005010108528136.html%253Fpdp_npi%253D6%252540dis%252521USD%25252113.00%25252113.00%252521%252521%25252113.00%25252113.00%252521%2525400b8ded7b17870076127115387e1058%25252112000051173413702%252521affd%252521%252521%252521%2525211%2525210%252521%26hot_product%3D0&i=5&f_id=50002;Electrical Equipment & Supplies;USD;"discount|0%|;commissionRate|5.38%|;shopId|3809003|;";https://ae-pic-a1.aliexpress-media.com/kf/S8b777897f7e348fcb8d06a6f27029a17J.jpg;;13.00
1005011936738941;Portable Power Station XT60 Adapter Extension Cable Male to Female Connector for RV Solar Panel - Durable Solar Connector;https://rzekl.com/g/1e8d11449465c1f0056216525dc3e8/?ulp=https%3A%2F%2Fs.click.aliexpress.com%2Fdeep_link.htm%3Faff_short_key%3D_c3s1yQkJ%26dl_target_url%3Dhttps%253A%252F%252Fwww.aliexpress.com%252Fitem%252F1005011936738941.html%253Fpdp_npi%253D6%252540dis%252521USD%25252136.46%25252116.40%252521%252521%252521244.56%252521110.05%252521%2525400b8ded7b17870076127115387e1058%25252112000057078848919%252521affd%252521%252521%252521%2525211%2525210%252521%26hot_product%3D0&i=5&f_id=50002;Electrical Equipment & Supplies;USD;"discount|55%|;commissionRate|5.38%|;shopId|1104636392|;";https://ae-pic-a1.aliexpress-media.com/kf/Sf83245bdbf044f3bb7d115e8526ec2e4D.jpg;36.46;16.40
1005012448343549;TUV H1Z2Z2-K 0.6/1.5kV Flame Retardant Weatherproof PV1-F Solar Cable for Rooftop Solar Farm Photovoltaic Power Generation Insta;https://rzekl.com/g/1e8d11449465c1f0056216525dc3e8/?ulp=https%3A%2F%2Fs.click.aliexpress.com%2Fdeep_link.htm%3Faff_short_key%3D_c3s1yQkJ%26dl_target_url%3Dhttps%253A%252F%252Fwww.aliexpress.com%252Fitem%252F1005012448343549.html%253Fpdp_npi%253D6%252540dis%252521USD%25252112.09%25252110.28%252521%252521%25252181.12%25252168.95%252521%2525400b8ded7b17870076127115387e1058%25252112000058398611658%252521affd%252521%252521%252521%2525211%2525210%252521%26hot_product%3D0&i=5&f_id=50002;Electrical Equipment & Supplies;USD;"discount|15%|;commissionRate|5.38%|;shopId|1105201086|;";https://ae-pic-a1.aliexpress-media.com/kf/Sb7860492caf948ec93ecf6046aac5286q.jpg;12.09;10.28
1005008343247306;Hot Sale Decorative Porcelain Junction Box For Wire Decor For Switch and Socket;https://rzekl.com/g/1e8d11449465c1f0056216525dc3e8/?ulp=https%3A%2F%2Fs.click.aliexpress.com%2Fdeep_link.htm%3Faff_short_key%3D_c3s1yQkJ%26dl_target_url%3Dhttps%253A%252F%252Fwww.aliexpress.com%252Fitem%252F1005008343247306.html%253Fpdp_npi%253D6%252540dis%252521USD%25252115.05%25252112.64%252521%252521%252521100.92%25252184.77%252521%2525400b8ded7b17870076127115387e1058%25252112000044666704604%252521affd%252521%252521%252521%2525211%2525210%252521%26hot_product%3D0&i=5&f_id=50002;Electrical Equipment & Supplies;USD;"discount|16%|;commissionRate|5.38%|;shopId|1103340702|;";https://ae-pic-a1.aliexpress-media.com/kf/S4b96cd5355bf49c6bd6eb3a2e225e299b.jpg;15.05;12.64
1005012633109986;【G】Aluminum RF Shield Enclosure Box With FOR SMA Connector For Stable And Reliable Electromagnetic Shielding Diy Projects;https://rzekl.com/g/1e8d11449465c1f0056216525dc3e8/?ulp=https%3A%2F%2Fs.click.aliexpress.com%2Fdeep_link.htm%3Faff_short_key%3D_c3s1yQkJ%26dl_target_url%3Dhttps%253A%252F%252Fwww.aliexpress.com%252Fitem%252F1005012633109986.html%253Fpdp_npi%253D6%252540dis%252521USD%25252129.19%25252113.59%252521%252521%252521195.78%25252191.15%252521%2525400b8ded7b17870076127115387e1058%25252112000058886675813%252521affd%252521%252521%252521%2525211%2525210%252521%26hot_product%3D0&i=5&f_id=50002;Electrical Equipment & Supplies;USD;"discount|53%|;commissionRate|5.38%|;shopId|1103333394|;";https://ae-pic-a1.aliexpress-media.com/kf/S9041831a248a4ac09da9947d8192270bk.jpg;29.19;13.59
1005012916791035;Small Volume Waterproof Solar Panel 15W 20W 5V Dual USB Port Fast Charging Outdoor Portable Charging Panel for Hiking Camping;https://rzekl.com/g/1e8d11449465c1f0056216525dc3e8/?ulp=https%3A%2F%2Fs.click.aliexpress.com%2Fdeep_link.htm%3Faff_short_key%3D_c3s1yQkJ%26dl_target_url%3Dhttps%253A%252F%252Fwww.aliexpress.com%252Fitem%252F1005012916791035.html%253Fpdp_npi%253D6%252540dis%252521USD%25252145.85%25252115.59%252521%252521%252521307.52%252521104.56%252521%2525400b8ded7b17870076127115387e1058%25252112000059770378280%252521affd%252521%252521%252521%2525211%2525210%252521%26hot_product%3D0&i=5&f_id=50002;Electrical Equipment & Supplies;USD;"discount|66%|;commissionRate|5.38%|;shopId|1103187839|;";https://ae-pic-a1.aliexpress-media.com/kf/Sdd771907fdde4850a85fa76ed76d71b3v.jpg;45.85;15.59
1005010799047355;10A Power Relay Coil Power Relay Relay Monitoring 100 Mm DIN Rail Included Multipurpose Mounting For JQX-13FL Relay;https://rzekl.com/g/1e8d11449465c1f0056216525dc3e8/?ulp=https%3A%2F%2Fs.click.aliexpress.com%2Fdeep_link.htm%3Faff_short_key%3D_c3s1yQkJ%26dl_target_url%3Dhttps%253A%252F%252Fwww.aliexpress.com%252Fitem%252F1005010799047355.html%253Fpdp_npi%253D6%252540dis%252521USD%25252130.20%25252116.01%252521%252521%252521202.55%252521107.35%252521%2525400b8ded7b17870076127115387e1058%25252112000053541825840%252521affd%252521%252521%252521%2525211%2525210%252521%26hot_product%3D0&i=5&f_id=50002;Electrical Equipment & Supplies;USD;"discount|47%|;commissionRate|5.38%|;shopId|1102418485|;";https://ae-pic-a1.aliexpress-media.com/kf/Sb5f0257035cb4c4c9689ab60e0ac0cc30.jpeg;30.20;16.01
1005006979987359;Clear Electrical Enclosure Box Outdoor Plastic Junction Box Waterproof Outside Nema 4 Electrical Box Weatherproof for Pump Wifi;https://rzekl.com/g/1e8d11449465c1f0056216525dc3e8/?ulp=https%3A%2F%2Fs.click.aliexpress.com%2Fdeep_link.htm%3Faff_short_key%3D_c3s1yQkJ%26dl_target_url%3Dhttps%253A%252F%252Fwww.aliexpress.com%252Fitem%252F1005006979987359.html%253Fpdp_npi%253D6%252540dis%252521USD%25252168.49%25252119.38%252521%252521%252521459.35%252521129.99%252521%2525400b8ded7b17870076127115387e1058%25252112000039008087210%252521affd%252521%252521%252521%2525211%2525210%252521%26hot_product%3D0&i=5&f_id=50002;Electrical Equipment & Supplies;USD;"discount|71%|;commissionRate|5.38%|;shopId|1102727583|;";https://ae-pic-a1.aliexpress-media.com/kf/S16dbda931b4249859fee4a305b4011a8v.png;68.49;19.38
1005009710270056;50/100pcs Solar Panel Grounding Clip Washer Spacer PV Solar Panel Grounding Washer Solar Panel Mounting Bracket Accessories ﻿;https://rzekl.com/g/1e8d11449465c1f0056216525dc3e8/?ulp=https%3A%2F%2Fs.click.aliexpress.com%2Fdeep_link.htm%3Faff_short_key%3D_c3s1yQkJ%26dl_target_url%3Dhttps%253A%252F%252Fwww.aliexpress.com%252Fitem%252F1005009710270056.html%253Fpdp_npi%253D6%252540dis%252521USD%25252121.47%25252113.53%252521%252521%252521144.00%25252190.72%252521%2525400b8ded7b17870076127115387e1058%25252112000049920511049%252521affd%252521%252521%252521%2525211%2525210%252521%26hot_product%3D0&i=5&f_id=50002;Electrical Equipment & Supplies;USD;"discount|37%|;commissionRate|5.38%|;shopId|912214267|;";https://ae-pic-a1.aliexpress-media.com/kf/S72c69dab6924479fb16a8b58c4deac72l.jpeg;21.47;13.53
1005004323231360;Type 86 Deepened Universal Surface Mounted Bottom Box Socket Switch Panel Wall Mounted PVC Junction Box Gold Gray Black White;https://rzekl.com/g/1e8d11449465c1f0056216525dc3e8/?ulp=https%3A%2F%2Fs.click.aliexpress.com%2Fdeep_link.htm%3Faff_short_key%3D_c3s1yQkJ%26dl_target_url%3Dhttps%253A%252F%252Fwww.aliexpress.com%252Fitem%252F1005004323231360.html%253Fpdp_npi%253D6%252540dis%252521USD%25252112.80%25252111.26%252521%252521%25252112.80%25252111.26%252521%2525400b8ded7b17870076127115387e1058%25252112000028754787687%252521affd%252521%252521%252521%2525211%2525210%252521%26hot_product%3D0&i=5&f_id=50002;Electrical Equipment & Supplies;USD;"discount|12%|;commissionRate|5.38%|;shopId|4430144|;";https://ae-pic-a1.aliexpress-media.com/kf/S44e367b022114121ae3582542b628ba3D.jpg;12.80;11.26
1005012907589104;10W Solar Panel Charger Kit With Charge Controller 12V 18V Photovoltaic Module For RV Camping Off Grid Power Supply;https://rzekl.com/g/1e8d11449465c1f0056216525dc3e8/?ulp=https%3A%2F%2Fs.click.aliexpress.com%2Fdeep_link.htm%3Faff_short_key%3D_c3s1yQkJ%26dl_target_url%3Dhttps%253A%252F%252Fwww.aliexpress.com%252Fitem%252F1005012907589104.html%253Fpdp_npi%253D6%252540dis%252521USD%25252130.14%25252110.25%252521%252521%252521202.12%25252168.72%252521%2525400b8ded7b17870076127115387e1058%25252112000059695083625%252521affd%252521%252521%252521%2525211%2525210%252521%26hot_product%3D0&i=5&f_id=50002;Electrical Equipment & Supplies;USD;"discount|66%|;commissionRate|5.38%|;shopId|1105779755|;";https://ae-pic-a1.aliexpress-media.com/kf/Sbfa3d08fe13a45ea90bb42576351780ej.png;30.14;10.25
1005009010409128;1PCS    1544680-1      2420332-1     2137299-6      2385447-1       5WA972483A        2307095-1     1-2177893-4    2316757-1;https://rzekl.com/g/1e8d11449465c1f0056216525dc3e8/?ulp=https%3A%2F%2Fs.click.aliexpress.com%2Fdeep_link.htm%3Faff_short_key%3D_c3s1yQkJ%26dl_target_url%3Dhttps%253A%252F%252Fwww.aliexpress.com%252Fitem%252F1005009010409128.html%253Fpdp_npi%253D6%252540dis%252521USD%25252115.90%25252115.90%252521%252521%25252115.90%25252115.90%252521%2525400b8ded7b17870076127115387e1058%25252112000047578318483%252521affd%252521%252521%252521%2525211%2525210%252521%26hot_product%3D0&i=5&f_id=50002;Electrical Equipment & Supplies;USD;"discount|0%|;commissionRate|5.38%|;shopId|1140046|;";https://ae-pic-a1.aliexpress-media.com/kf/Sa43f22c9c9c64327b7a55eb9de496261L.jpg;;15.90
1005009101358045;US Stock 20pcs 14D680K Varistor Resistor 68V UL;https://rzekl.com/g/1e8d11449465c1f0056216525dc3e8/?ulp=https%3A%2F%2Fs.click.aliexpress.com%2Fdeep_link.htm%3Faff_short_key%3D_c3s1yQkJ%26dl_target_url%3Dhttps%253A%252F%252Fwww.aliexpress.com%252Fitem%252F1005009101358045.html%253Fpdp_npi%253D6%252540dis%252521USD%25252114.07%25252114.07%252521%252521%25252114.07%25252114.07%252521%2525400b8ded7b17870076127115387e1058%25252112000047917555878%252521affd%252521%252521%252521%2525211%2525210%252521%26hot_product%3D0&i=5&f_id=50002;Electrical Equipment & Supplies;USD;"discount|0%|;commissionRate|5.38%|;shopId|2960116|;";https://ae-pic-a1.aliexpress-media.com/kf/S4ff5a9b8a87c4ddd89e3ff6814078e25q.jpg;;14.07
1005012593151800;5W Solar Powered Fan Kit With USB Exhaust Vent And Adjustable Panel For Greenhouse Shed Chicken Coop Pet House Airflow Cooling;https://rzekl.com/g/1e8d11449465c1f0056216525dc3e8/?ulp=https%3A%2F%2Fs.click.aliexpress.com%2Fdeep_link.htm%3Faff_short_key%3D_c3s1yQkJ%26dl_target_url%3Dhttps%253A%252F%252Fwww.aliexpress.com%252Fitem%252F1005012593151800.html%253Fpdp_npi%253D6%252540dis%252521USD%25252138.78%25252117.84%252521%252521%252521260.12%252521119.66%252521%2525400b8ded7b17870076127115387e1058%25252112000058811176386%252521affd%252521%252521%252521%2525211%2525210%252521%26hot_product%3D0&i=5&f_id=50002;Electrical Equipment & Supplies;USD;"discount|54%|;commissionRate|5.38%|;shopId|1105360786|;";https://ae-pic-a1.aliexpress-media.com/kf/Sc8e1ef97dd87455fa4446d70ea688586e.png;38.78;17.84
1005012925200195;Portable Sunpower Solar Panel Charger 15w 20w 5v Dual Usb Waterproof Outdoor Emergency Charging Device for Camping Hiking;https://rzekl.com/g/1e8d11449465c1f0056216525dc3e8/?ulp=https%3A%2F%2Fs.click.aliexpress.com%2Fdeep_link.htm%3Faff_short_key%3D_c3s1yQkJ%26dl_target_url%3Dhttps%253A%252F%252Fwww.aliexpress.com%252Fitem%252F1005012925200195.html%253Fpdp_npi%253D6%252540dis%252521USD%25252145.85%25252115.59%252521%252521%252521307.52%252521104.56%252521%2525400b8ded7b17870076127115387e1058%25252112000059771758114%252521affd%252521%252521%252521%2525211%2525210%252521%26hot_product%3D0&i=5&f_id=50002;Electrical Equipment & Supplies;USD;"discount|66%|;commissionRate|5.38%|;shopId|1105244550|;";https://ae-pic-a1.aliexpress-media.com/kf/S2ffe4340d2c24c82bc33dd86b895101bh.jpg;45.85;15.59
1005005633749595;1PCS 1 to 4 SMA Splitter Cable 1 x SMA Female to 4x SMA Male Plug RG178 Pigtail Jumper WIFI Antenna Extension Coaxial Cable;https://rzekl.com/g/1e8d11449465c1f0056216525dc3e8/?ulp=https%3A%2F%2Fs.click.aliexpress.com%2Fdeep_link.htm%3Faff_short_key%3D_c3s1yQkJ%26dl_target_url%3Dhttps%253A%252F%252Fwww.aliexpress.com%252Fitem%252F1005005633749595.html%253Fpdp_npi%253D6%252540dis%252521USD%25252114.38%25252110.07%252521%252521%25252114.38%25252110.07%252521%2525402141315917870076127278270e0ee7%25252112000033824893300%252521affd%252521%252521%252521%2525211%2525210%252521%26hot_product%3D0&i=5&f_id=50002;Electrical Equipment & Supplies;USD;"discount|30%|;commissionRate|5.38%|;shopId|615397|;";https://ae-pic-a1.aliexpress-media.com/kf/Sbd9417e6841b456caccad7e561e0cff4W.jpg;14.38;10.07
1005008806315224;20PCS 30/33/35/40mm Solar Panel Water Drainage Clips Photovoltaic Panel Water Drained Away Clip Aluminum Alloy Water Guide Clip;https://rzekl.com/g/1e8d11449465c1f0056216525dc3e8/?ulp=https%3A%2F%2Fs.click.aliexpress.com%2Fdeep_link.htm%3Faff_short_key%3D_c3s1yQkJ%26dl_target_url%3Dhttps%253A%252F%252Fwww.aliexpress.com%252Fitem%252F1005008806315224.html%253Fpdp_npi%253D6%252540dis%252521USD%25252122.99%25252117.24%252521%252521%252521154.20%252521115.65%252521%2525400b8ded7b17870076127115387e1058%25252112000046740149425%252521affd%252521%252521%252521%2525211%2525210%252521%26hot_product%3D0&i=5&f_id=50002;Electrical Equipment & Supplies;USD;"discount|25%|;commissionRate|5.38%|;shopId|912082063|;";https://ae-pic-a1.aliexpress-media.com/kf/S6554b77efc0c4cbbab4d99192e9266edF.jpeg;22.99;17.24
1005009083122898;US Stock 5pc 5A 10A 15A 20A 25A 30A amp RESET BUTTON  overload FUSE thermal HT-01-A CE;https://rzekl.com/g/1e8d11449465c1f0056216525dc3e8/?ulp=https%3A%2F%2Fs.click.aliexpress.com%2Fdeep_link.htm%3Faff_short_key%3D_c3s1yQkJ%26dl_target_url%3Dhttps%253A%252F%252Fwww.aliexpress.com%252Fitem%252F1005009083122898.html%253Fpdp_npi%253D6%252540dis%252521USD%25252115.97%25252115.97%252521%252521%25252115.97%25252115.97%252521%2525400b8ded7b17870076127115387e1058%25252112000047851075043%252521affd%252521%252521%252521%2525211%2525210%252521%26hot_product%3D0&i=5&f_id=50002;Electrical Equipment & Supplies;USD;"discount|0%|;commissionRate|5.38%|;shopId|2960116|;";https://ae-pic-a1.aliexpress-media.com/kf/Sb75a14f3bcde4572a19d3e22fd424ba9L.jpg;;15.97
